{
  "experiment": "exp1_basic_delegation",
  "description": "Basic delegation chain trust propagation. SIMULATION ONLY — synthetic data, seed=42.",
  "x": [2, 3, 4, 5, 6, 7, 8, 9, 10],
  "x_label": "chain_length",
  "y_label": "terminal_trust",
  "curves": {
    "edge_trust=0.70": [0.7, 0.49, 0.343, 0.2401, 0.168070, 0.117649, 0.082354, 0.057648, 0.040354],
    "edge_trust=0.80": [0.8, 0.64, 0.512, 0.4096, 0.327680, 0.262144, 0.209715, 0.167772, 0.134218],
    "edge_trust=0.85": [0.85, 0.7225, 0.614125, 0.522006, 0.443705, 0.377149, 0.320577, 0.272490, 0.231616],
    "edge_trust=0.90": [0.9, 0.81, 0.729, 0.6561, 0.590490, 0.531441, 0.478297, 0.430467, 0.387420],
    "edge_trust=0.95": [0.95, 0.9025, 0.857375, 0.814506, 0.773781, 0.735092, 0.698337, 0.663420, 0.630169]
  },
  "decay_profile": {
    "hop_counts": [1, 2, 3, 4, 5, 6, 7, 8, 9],
    "theoretical": [0.850108, 0.722684, 0.614336, 0.522225, 0.443975, 0.377426, 0.320876, 0.272783, 0.231892],
    "mean_edge_trust": 0.850108
  }
}
