{
  "experiment": "exp2_chain_decay",
  "description": "Trust decay over delegation hops by agent type. SIMULATION ONLY — synthetic data, seed=42.",
  "x": [1, 2, 3, 4, 5, 6, 7, 8, 9, 10],
  "x_label": "hop_count",
  "y_label": "terminal_trust",
  "samples_per_hop": 50,
  "curves": {
    "compliant": {
      "sampled_mean": [0.879812, 0.774070, 0.681343, 0.599481, 0.527685, 0.464566, 0.408929, 0.360007, 0.317034, 0.279028],
      "theoretical": [0.88, 0.7744, 0.681472, 0.599695, 0.527732, 0.464564, 0.408816, 0.359758, 0.316587, 0.278597],
      "mean_edge_trust": 0.88
    },
    "mixed": {
      "sampled_mean": [0.600423, 0.360508, 0.216305, 0.129783, 0.077870, 0.046722, 0.028033, 0.016820, 0.010092, 0.006055],
      "theoretical": [0.6, 0.36, 0.216, 0.1296, 0.07776, 0.046656, 0.027994, 0.016796, 0.010078, 0.006047],
      "mean_edge_trust": 0.6
    },
    "degrading": {
      "sampled_mean": [0.699845, 0.489591, 0.342714, 0.239900, 0.167930, 0.117551, 0.082286, 0.057600, 0.040320, 0.028224],
      "theoretical": [0.7, 0.49, 0.343, 0.2401, 0.16807, 0.117649, 0.082354, 0.057648, 0.040354, 0.028248],
      "mean_edge_trust": 0.7
    },
    "strategic": {
      "sampled_mean": [0.749731, 0.562098, 0.421573, 0.316179, 0.237134, 0.177851, 0.133388, 0.100041, 0.075031, 0.056273],
      "theoretical": [0.75, 0.5625, 0.421875, 0.316406, 0.237305, 0.177979, 0.133484, 0.100113, 0.075085, 0.056314],
      "mean_edge_trust": 0.75
    }
  }
}
